<?xml version="1.0" encoding="utf-8"?>
<demos><!--This is an autogenerated file, please do not modify-->
   <name>Extended-Kalman-Filter-Algorithm</name>
   <type>toolbox</type>
   <icon>HelpIcon.DEMOS</icon>
   <website/>
   <description/>
   <demosection>
      <label>Extended-Kalman-Filter-Algorithm</label>
      <demoitem>
         <label>ExtendedKF</label>
         <type>other</type>
         <source>ExtendedKF</source>
         <file>html/ExtendedKF.html</file>
      </demoitem>
   </demosection>
</demos>